{"cameraMode":{"drawMode":0,"name":"Shaded","section":"Shading Mode"},"sceneLighting":false,"audioPlay":false,"sceneViewState":{"m_AlwaysRefresh":false,"showFog":true,"showSkybox":false,"showFlares":true,"showImageEffects":true,"showParticleSystems":true,"showVisualEffectGraphs":true,"m_FxEnabled":true},"in2DMode":false,"pivot":{"x":-0.23000001907348634,"y":2.0199999809265138,"z":10.479999542236329},"rotation":{"x":0.20702219009399415,"y":-0.013755536638200283,"z":0.010068141855299473,"w":0.9794719219207764},"size":2.459512233734131,"orthographic":false}