{"cameraMode":{"drawMode":0,"name":"Shaded","section":"Shading Mode"},"sceneLighting":true,"audioPlay":false,"sceneViewState":{"m_AlwaysRefresh":false,"showFog":true,"showSkybox":false,"showFlares":true,"showImageEffects":true,"showParticleSystems":true,"showVisualEffectGraphs":true,"m_FxEnabled":true},"in2DMode":false,"pivot":{"x":-5.822841644287109,"y":3.5805773735046388,"z":-0.1298542022705078},"rotation":{"x":0.20702219009399415,"y":-0.013755536638200283,"z":0.010068141855299473,"w":0.9794719219207764},"size":9.24355697631836,"orthographic":false}